<?xml version="1.0" encoding="UTF-8"?>
<!--
  ~ Licensed to the Apache Software Foundation (ASF) under one
  ~ or more contributor license agreements.  See the NOTICE file
  ~ distributed with this work for additional information
  ~ regarding copyright ownership.  The ASF licenses this file
  ~ to you under the Apache License, Version 2.0 (the
  ~ "License"); you may not use this file except in compliance
  ~ with the License.  You may obtain a copy of the License at
  ~
  ~     http://www.apache.org/licenses/LICENSE-2.0
  ~
  ~ Unless required by applicable law or agreed to in writing, software
  ~ distributed under the License is distributed on an "AS IS" BASIS,
  ~ WITHOUT WARRANTIES OR CONDITIONS OF ANY KIND, either express or implied.
  ~ See the License for the specific language governing permissions and
  ~ limitations under the License.
  -->
<assembly xmlns:xsi="http://www.w3.org/2001/XMLSchema-instance"
          xmlns="http://maven.apache.org/plugins/maven-assembly-plugin/assembly/1.1.2"
          xsi:schemaLocation="http://maven.apache.org/plugins/maven-assembly-plugin/assembly/1.1.2 http://maven.apache.org/xsd/assembly-1.1.2.xsd">
    <formats>
        <format>tar.gz</format>
    </formats>
    <id>sources</id>
    <baseDirectory>apache-atlas-sources-${project.version}</baseDirectory>
    <fileSets>
        <fileSet>
            <directory>..</directory>
            <excludes>
                <exclude>**/target/**</exclude>
                <exclude>**/logs/**</exclude>
                <exclude>**/.git*/**</exclude>
                <exclude>backlog</exclude>
                <exclude>**/.idea/**</exclude>
                <exclude>**/*.iml</exclude>
                <exclude>**/*.log</exclude>
                <exclude>**/*.pyc</exclude> <!-- python compiled executable -->
                <exclude>**/test-output/**</exclude>
                <exclude>distro/hbase/**</exclude>
                <exclude>distro/solr/**</exclude>
                <exclude>**/${sys:atlas.data}/**</exclude>
                <exclude>**/atlas.data/**</exclude>
                <exclude>**/*.patch</exclude>
            </excludes>
        </fileSet>
    </fileSets>
</assembly>
    
