{
    "enumDefs": [],
    "structDefs": [],
    "classificationDefs": [],
    "entityDefs": [
        {
            "name": "sqoop_process",
            "superTypes": [
                "Process"
            ],
            "typeVersion": "1.0",
            "attributeDefs": [
                {
                    "name": "operation",
                    "typeName": "string",
                    "cardinality": "SINGLE",
                    "isIndexable": true,
                    "isOptional": false,
                    "isUnique": false
                },
                {
                    "name": "commandlineOpts",
                    "typeName": "map<string,string>",
                    "cardinality": "SINGLE",
                    "isIndexable": false,
                    "isOptional": false,
                    "isUnique": false
                },
                {
                    "name": "startTime",
                    "typeName": "date",
                    "cardinality": "SINGLE",
                    "isIndexable": false,
                    "isOptional": false,
                    "isUnique": false
                },
                {
                    "name": "endTime",
                    "typeName": "date",
                    "cardinality": "SINGLE",
                    "isIndexable": false,
                    "isOptional": false,
                    "isUnique": false
                },
                {
                    "name": "userName",
                    "typeName": "string",
                    "cardinality": "SINGLE",
                    "isIndexable": true,
                    "isOptional": true,
                    "isUnique": false
                }
            ]
        },
        {
            "name": "sqoop_dbdatastore",
            "superTypes": [
                "DataSet"
            ],
            "typeVersion": "1.0",
            "attributeDefs": [
                {
                    "name": "dbStoreType",
                    "typeName": "string",
                    "cardinality": "SINGLE",
                    "isIndexable": true,
                    "isOptional": false,
                    "isUnique": false
                },
                {
                    "name": "storeUse",
                    "typeName": "string",
                    "cardinality": "SINGLE",
                    "isIndexable": false,
                    "isOptional": false,
                    "isUnique": false
                },
                {
                    "name": "storeUri",
                    "typeName": "string",
                    "cardinality": "SINGLE",
                    "isIndexable": false,
                    "isOptional": false,
                    "isUnique": false
                },
                {
                    "name": "source",
                    "typeName": "string",
                    "cardinality": "SINGLE",
                    "isIndexable": true,
                    "isOptional": true,
                    "isUnique": false
                }
            ]
        }
    ]
}
