<?xml version="1.0" encoding="UTF-8"?>
<!-- Licensed to the Apache Software Foundation (ASF) under one or more contributor
    license agreements. See the NOTICE file distributed with this work for additional
    information regarding copyright ownership. The ASF licenses this file to
    You under the Apache License, Version 2.0 (the "License"); you may not use
    this file except in compliance with the License. You may obtain a copy of
    the License at http://www.apache.org/licenses/LICENSE-2.0 Unless required
    by applicable law or agreed to in writing, software distributed under the
    License is distributed on an "AS IS" BASIS, WITHOUT WARRANTIES OR CONDITIONS
    OF ANY KIND, either express or implied. See the License for the specific
    language governing permissions and limitations under the License. -->

<beans xmlns="http://www.springframework.org/schema/beans"
       xmlns:xsi="http://www.w3.org/2001/XMLSchema-instance"
       xmlns:context="http://www.springframework.org/schema/context"
       xmlns:aop="http://www.springframework.org/schema/aop"
       xsi:schemaLocation="http://www.springframework.org/schema/beans
	http://www.springframework.org/schema/beans/spring-beans.xsd http://www.springframework.org/schema/context http://www.springframework.org/schema/context/spring-context.xsd http://www.springframework.org/schema/aop http://www.springframework.org/schema/aop/spring-aop.xsd">

    <context:annotation-config/>
    <aop:config proxy-target-class="true"/>

    <context:component-scan base-package="org.apache.atlas">
        <context:exclude-filter type="regex" expression="org\.apache\.atlas\.service\.ActiveInstanceElectorService.*"/>
        <context:exclude-filter type="regex" expression="org\.apache\.atlas\.service\.EmbeddedKafkaServer.*"/>
        <!--<context:exclude-filter type="regex" expression="org\.apache\.atlas\.service\.HBaseBasedAuditRepository.*"/>-->
        <!-- for non-HBase setups comment the InMemoryEntityAuditRepository and comment the HBaseBasedAuditoryRepository -->
        <context:exclude-filter type="regex" expression="org\.apache\.atlas\.service\.InMemoryEntityAuditRepository.*"/>
        <context:exclude-filter type="regex" expression="org\.apache\.atlas\.service\.NoopEntityAuditRepository.*"/>
        <context:exclude-filter type="regex" expression="org\.apache\.atlas\.service\.KafkaNotification.*"/>
        <context:exclude-filter type="regex" expression="org\.apache\.atlas\.service\.NotificationHookConsumer.*"/>
        <context:exclude-filter type="regex" expression="org\.apache\.atlas\.kafka.*"/>
        <context:exclude-filter type="regex" expression="org\.apache\.atlas\.webapp.*"/>
        <context:exclude-filter type="regex" expression="org\.apache\.atlas\.web.*"/>
        <context:exclude-filter type="regex" expression="org\.apache\.atlas\.notification.hook.*"/>
        <context:exclude-filter type="regex" expression="org\.apache\.atlas\.notification.entity.*"/>
        <context:exclude-filter type="regex" expression="org\.apache\.atlas\.notification.NotificationHookConsumer.*"/>
        <context:exclude-filter type="regex" expression="org\.apache\.atlas\.ha.*"/>
    </context:component-scan>
</beans>
